{
    "rl_shoulder": 0.3561231544870767,
    "lr_shoulder": 0.3561231544870767,
    "l_u_arm": 0.22683698151188153,
    "r_u_arm": 0.23753248815703676,
    "l_f_arm": 0.20684275143462708,
    "r_f_arm": 0.22157295663009427,
    "l_side": 0.46888070546942906,
    "r_side": 0.4622430492133583,
    "rl_hip": 0.23204725007579274,
    "lr_hip": 0.23204725007579274,
    "l_u_leg": 0.4231507537628347,
    "r_u_leg": 0.40218112304105413,
    "l_l_leg": 0.3225815042380982,
    "r_l_leg": 0.332703762194129
}