{
    "rl_shoulder": 35.88753939159143,
    "lr_shoulder": 35.88753939159143,
    "l_u_arm": 23.51450453857073,
    "r_u_arm": 23.852859926452883,
    "l_f_arm": 21.376485481181014,
    "r_f_arm": 24.053077644696767,
    "l_side": 50.62711986027047,
    "r_side": 49.89154037474505,
    "rl_hip": 23.12377864661396,
    "lr_hip": 23.12377864661396,
    "l_u_leg": 41.73712442238121,
    "r_u_leg": 39.90829392352282,
    "l_l_leg": 35.07556158550447,
    "r_l_leg": 34.95656189274881
}