{
    "rl_shoulder": 35.80193026499468,
    "lr_shoulder": 35.80193026499468,
    "l_u_arm": 23.395414265326565,
    "r_u_arm": 24.6821946398787,
    "l_f_arm": 22.073458966341356,
    "r_f_arm": 25.24459835741002,
    "l_side": 48.9324871984325,
    "r_side": 48.006444589160054,
    "rl_hip": 23.062989828446206,
    "lr_hip": 23.062989828446206,
    "l_u_leg": 42.079059843743316,
    "r_u_leg": 39.767196961143256,
    "l_l_leg": 35.325024606670475,
    "r_l_leg": 34.43418562099357
}