{
    "rl_shoulder": 36.19261931332255,
    "lr_shoulder": 36.19261931332255,
    "l_u_arm": 22.996733840187915,
    "r_u_arm": 23.79068231602894,
    "l_f_arm": 21.971051070870566,
    "r_f_arm": 24.15519604442403,
    "l_side": 49.51015698074166,
    "r_side": 48.63315110307407,
    "rl_hip": 23.15061518427736,
    "lr_hip": 23.15061518427736,
    "l_u_leg": 42.01102097872184,
    "r_u_leg": 39.86989343264619,
    "l_l_leg": 34.33883739240458,
    "r_l_leg": 34.30328347841506
}